evaluation/xy,evaluation/prev_qpos,evaluation/prev_qvel,evaluation/qpos,evaluation/qvel,evaluation/success,evaluation/total.timesteps,evaluation/episode.final_reward,evaluation/episode.return,evaluation/episode.length,evaluation/episode.duration,step
19.924739103997464,1.9105776133110952,2.6404174647081608e-11,1.9105776133152734,5.2566841788323336e-11,0.0,25500.0,-1.0,-1000.0,1000.0,0.5278530263900757,1
19.80187438887053,1.917040518271474,2.813595495830025e-13,1.917040518270144,-2.1608619698192382e-11,0.0,75500.0,-1.0,-1000.0,1000.0,0.5164556741714478,5000
19.863905016241098,1.8954577782888973,-4.349738392616692e-11,1.8954577782871114,1.709008608853273e-13,0.0,125500.0,-1.0,-1000.0,1000.0,0.5161786937713623,10000
19.877969717112375,1.9056663848949351,-1.0054226363944788e-10,1.905666384886163,-7.923016863407491e-11,0.0,175500.0,-1.0,-1000.0,1000.0,0.5142269134521484,15000
19.897228062143427,1.8884307961667854,2.036562610296885e-17,1.8884307961667854,2.2054243700273924e-17,0.0,225500.0,-1.0,-1000.0,1000.0,0.5703899049758911,20000
